line_idx,fbus,tbus,r_pu,x_pu,b_pu,rateA,status
0.000000000000000000e+00,1.000000000000000000e+00,3.000000000000000000e+00,2.574041999999999910e-03,2.344465399999999880e-02,7.609337300000000581e-02,9.040000000000000000e+02,1.000000000000000000e+00
1.000000000000000000e+00,1.000000000000000000e+00,3.000000000000000000e+00,4.297130000000000242e-04,4.602092000000000335e-03,3.876460860000000008e-01,2.172000000000000000e+03,1.000000000000000000e+00
2.000000000000000000e+00,1.000000000000000000e+00,7.000000000000000000e+00,5.427989999999999508e-04,5.813200000000000138e-03,4.896608379999999872e-01,2.172000000000000000e+03,1.000000000000000000e+00
3.000000000000000000e+00,1.000000000000000000e+00,7.000000000000000000e+00,3.251439000000000065e-03,2.961445799999999975e-02,9.611846000000000279e-02,9.040000000000000000e+02,1.000000000000000000e+00
4.000000000000000000e+00,1.000000000000000000e+00,1.400000000000000000e+01,3.353142999999999836e-03,3.054078899999999874e-02,2.230312839999999963e-01,1.356000000000000000e+03,1.000000000000000000e+00
5.000000000000000000e+00,2.000000000000000000e+00,1.500000000000000000e+01,1.924591999999999926e-03,1.752939499999999970e-02,5.689445600000000297e-02,9.040000000000000000e+02,1.000000000000000000e+00
6.000000000000000000e+00,2.000000000000000000e+00,1.600000000000000000e+01,1.986687000000000002e-03,1.809495599999999885e-02,5.873007300000000069e-02,9.040000000000000000e+02,1.000000000000000000e+00
7.000000000000000000e+00,2.000000000000000000e+00,3.500000000000000000e+01,1.710666000000000010e-03,1.558093099999999925e-02,5.057040299999999988e-02,9.040000000000000000e+02,1.000000000000000000e+00
8.000000000000000000e+00,3.000000000000000000e+00,4.000000000000000000e+00,1.547359999999999903e-04,1.657168000000000096e-03,1.395875550000000020e-01,2.172000000000000000e+03,1.000000000000000000e+00
9.000000000000000000e+00,3.000000000000000000e+00,4.000000000000000000e+00,9.268870000000000451e-04,8.442190000000000458e-03,2.740047799999999895e-02,9.040000000000000000e+02,1.000000000000000000e+00
1.000000000000000000e+01,3.000000000000000000e+00,8.000000000000000000e+00,3.548913999999999801e-03,3.232389100000000043e-02,2.360528030000000055e-01,1.356000000000000000e+03,1.000000000000000000e+00
1.100000000000000000e+01,3.000000000000000000e+00,1.100000000000000000e+01,3.400256999999999846e-03,3.096990399999999949e-02,1.005177770000000026e-01,9.040000000000000000e+02,1.000000000000000000e+00
1.200000000000000000e+01,3.000000000000000000e+00,1.300000000000000000e+01,2.191825000000000110e-03,1.996337700000000090e-02,1.457872470000000087e-01,1.356000000000000000e+03,1.000000000000000000e+00
1.300000000000000000e+01,3.000000000000000000e+00,1.930000000000000000e+02,5.902970000000000439e-04,6.321891999999999963e-03,2.130037236999999806e+00,4.344000000000000000e+03,1.000000000000000000e+00
1.400000000000000000e+01,4.000000000000000000e+00,7.200000000000000000e+01,6.908119999999999582e-04,7.398374999999999570e-03,6.231843030000000505e-01,2.172000000000000000e+03,1.000000000000000000e+00
1.500000000000000000e+01,5.000000000000000000e+00,7.000000000000000000e+00,1.222283000000000007e-03,1.113268899999999943e-02,3.613292099999999840e-02,9.040000000000000000e+02,1.000000000000000000e+00
1.600000000000000000e+01,5.000000000000000000e+00,1.000000000000000000e+01,3.164497000000000056e-03,2.882258399999999832e-02,9.354830599999999774e-02,9.040000000000000000e+02,1.000000000000000000e+00
1.700000000000000000e+01,6.000000000000000000e+00,1.000000000000000000e+01,1.285687999999999892e-03,1.171018100000000006e-02,3.800726599999999789e-02,9.040000000000000000e+02,1.000000000000000000e+00
1.800000000000000000e+01,6.000000000000000000e+00,1.600000000000000000e+01,1.903713999999999927e-03,1.733923000000000061e-02,5.627724399999999710e-02,9.040000000000000000e+02,1.000000000000000000e+00
1.900000000000000000e+01,7.000000000000000000e+00,1.000000000000000000e+01,3.090920000000000039e-03,2.815242999999999912e-02,9.137321199999999533e-02,9.040000000000000000e+02,1.000000000000000000e+00
2.000000000000000000e+01,8.000000000000000000e+00,1.100000000000000000e+01,2.164389999999999977e-03,1.971349899999999891e-02,6.398331499999999894e-02,9.040000000000000000e+02,1.000000000000000000e+00
2.100000000000000000e+01,8.000000000000000000e+00,1.300000000000000000e+01,1.409171000000000078e-03,1.283488200000000058e-02,2.603603879999999982e-01,2.260000000000000000e+03,1.000000000000000000e+00
2.200000000000000000e+01,8.000000000000000000e+00,1.870000000000000000e+02,1.772750999999999928e-03,1.614640599999999857e-02,5.240574199999999822e-02,9.040000000000000000e+02,1.000000000000000000e+00
2.300000000000000000e+01,8.000000000000000000e+00,1.930000000000000000e+02,1.905365000000000010e-03,1.735426600000000014e-02,5.632604499999999820e-02,9.040000000000000000e+02,1.000000000000000000e+00
2.400000000000000000e+01,9.000000000000000000e+00,1.700000000000000000e+01,1.050785000000000044e-03,9.570660999999999405e-03,3.106311000000000141e-02,9.040000000000000000e+02,1.000000000000000000e+00
2.500000000000000000e+01,9.000000000000000000e+00,2.900000000000000000e+01,2.217352000000000125e-03,2.019588300000000128e-02,6.554896899999999860e-02,9.040000000000000000e+02,1.000000000000000000e+00
2.600000000000000000e+01,9.000000000000000000e+00,1.930000000000000000e+02,2.745828000000000071e-03,2.500930000000000167e-02,8.117168199999999501e-02,9.040000000000000000e+02,1.000000000000000000e+00
2.700000000000000000e+01,1.000000000000000000e+01,1.500000000000000000e+01,3.845430999999999849e-03,3.502459699999999759e-02,1.136779319999999954e-01,9.040000000000000000e+02,1.000000000000000000e+00
2.800000000000000000e+01,1.200000000000000000e+01,1.600000000000000000e+01,2.789893999999999794e-03,2.541065400000000127e-02,8.247434100000000656e-02,9.040000000000000000e+02,1.000000000000000000e+00
2.900000000000000000e+01,1.200000000000000000e+01,4.200000000000000000e+01,1.302444000000000041e-03,1.186280500000000057e-02,8.663091700000000173e-02,1.356000000000000000e+03,1.000000000000000000e+00
3.000000000000000000e+01,1.200000000000000000e+01,4.400000000000000000e+01,2.346023999999999939e-03,2.136784200000000147e-02,6.935274900000000520e-02,9.040000000000000000e+02,1.000000000000000000e+00
3.100000000000000000e+01,1.300000000000000000e+01,4.100000000000000000e+01,1.221519999999999919e-04,3.924626999999999977e-03,7.991861102999999744e+00,1.458000000000000000e+04,1.000000000000000000e+00
3.200000000000000000e+01,1.300000000000000000e+01,7.200000000000000000e+01,3.187670000000000087e-03,2.903364400000000081e-02,9.423333400000000193e-02,9.040000000000000000e+02,1.000000000000000000e+00
3.300000000000000000e+01,1.300000000000000000e+01,7.200000000000000000e+01,3.610000000000000334e-05,1.159120000000000029e-03,2.360357592999999810e+00,1.458000000000000000e+04,1.000000000000000000e+00
3.400000000000000000e+01,1.300000000000000000e+01,7.200000000000000000e+01,5.321530000000000531e-04,5.699187999999999997e-03,4.800573499999999938e-01,2.172000000000000000e+03,1.000000000000000000e+00
3.500000000000000000e+01,1.400000000000000000e+01,1.700000000000000000e+01,3.080611999999999934e-03,2.805854899999999860e-02,9.106850700000000687e-02,9.040000000000000000e+02,1.000000000000000000e+00
3.600000000000000000e+01,1.400000000000000000e+01,1.930000000000000000e+02,2.422622000000000143e-03,2.206550100000000125e-02,7.161711099999999719e-02,9.040000000000000000e+02,1.000000000000000000e+00
3.700000000000000000e+01,1.500000000000000000e+01,1.700000000000000000e+01,1.850173000000000095e-03,1.685157199999999869e-02,5.469447300000000040e-02,9.040000000000000000e+02,1.000000000000000000e+00
3.800000000000000000e+01,1.600000000000000000e+01,3.500000000000000000e+01,2.753227000000000018e-03,2.507668700000000028e-02,8.139039800000000269e-02,9.040000000000000000e+02,1.000000000000000000e+00
3.900000000000000000e+01,1.800000000000000000e+01,2.200000000000000000e+01,4.493519999999999763e-04,4.092748999999999693e-03,1.328367299999999931e-02,9.040000000000000000e+02,1.000000000000000000e+00
4.000000000000000000e+01,1.800000000000000000e+01,2.300000000000000000e+01,1.017029999999999985e-04,1.089200999999999928e-03,9.174624800000000246e-02,2.172000000000000000e+03,1.000000000000000000e+00
4.100000000000000000e+01,1.800000000000000000e+01,2.500000000000000000e+01,1.604891999999999907e-03,1.461753099999999958e-02,4.744353500000000196e-02,9.040000000000000000e+02,1.000000000000000000e+00
4.200000000000000000e+01,1.800000000000000000e+01,2.500000000000000000e+01,2.679219999999999735e-04,2.869363000000000209e-03,2.416938529999999863e-01,2.172000000000000000e+03,1.000000000000000000e+00
4.300000000000000000e+01,1.800000000000000000e+01,2.800000000000000000e+01,1.806939999999999881e-04,1.935178000000000072e-03,1.630050550000000098e-01,2.172000000000000000e+03,1.000000000000000000e+00
4.400000000000000000e+01,1.900000000000000000e+01,2.200000000000000000e+01,1.690080000000000054e-04,1.810018999999999951e-03,6.098504559999999852e-01,4.344000000000000000e+03,1.000000000000000000e+00
4.500000000000000000e+01,1.900000000000000000e+01,2.600000000000000000e+01,1.536189999999999941e-04,1.645207000000000093e-03,3.118051299999999859e-01,3.258000000000000000e+03,1.000000000000000000e+00
4.600000000000000000e+01,1.900000000000000000e+01,1.040000000000000000e+02,3.030000000000000128e-05,3.483969999999999781e-05,3.824547990000000119e-01,2.124000000000000000e+03,1.000000000000000000e+00
4.700000000000000000e+01,1.900000000000000000e+01,1.040000000000000000e+02,1.112290000000000018e-04,1.013082999999999909e-03,1.315248400000000074e-02,1.808000000000000000e+03,1.000000000000000000e+00
4.800000000000000000e+01,1.900000000000000000e+01,1.050000000000000000e+02,1.349999999999999949e-05,3.100000000000000135e-05,1.510135739000000088e+00,2.859000000000000000e+03,1.000000000000000000e+00
4.900000000000000000e+01,1.900000000000000000e+01,1.650000000000000000e+02,6.079079999999999944e-04,5.536893000000000196e-03,1.797086999999999990e-02,9.040000000000000000e+02,1.000000000000000000e+00
5.000000000000000000e+01,1.900000000000000000e+01,1.650000000000000000e+02,1.240459999999999978e-04,1.428090000000000078e-04,6.967551539999999877e-01,1.416000000000000000e+03,1.000000000000000000e+00
5.100000000000000000e+01,2.000000000000000000e+01,2.100000000000000000e+01,1.525585000000000092e-03,1.389519200000000065e-02,4.509906600000000015e-02,9.040000000000000000e+02,1.000000000000000000e+00
5.200000000000000000e+01,2.000000000000000000e+01,2.300000000000000000e+01,1.083069000000000089e-03,9.864710000000000492e-03,7.203936299999999515e-02,1.356000000000000000e+03,1.000000000000000000e+00
5.300000000000000000e+01,2.000000000000000000e+01,2.500000000000000000e+01,9.520480000000000435e-04,8.671359999999999485e-03,2.814428600000000100e-02,9.040000000000000000e+02,1.000000000000000000e+00
5.400000000000000000e+01,2.000000000000000000e+01,2.900000000000000000e+01,2.323399999999999879e-04,2.488282999999999988e-03,8.383780920000000192e-01,4.344000000000000000e+03,1.000000000000000000e+00
5.500000000000000000e+01,2.000000000000000000e+01,3.100000000000000000e+01,1.675213999999999957e-03,1.525802700000000039e-02,4.952236699999999769e-02,9.040000000000000000e+02,1.000000000000000000e+00
5.600000000000000000e+01,2.000000000000000000e+01,4.100000000000000000e+01,1.685665000000000037e-03,1.535322100000000023e-02,4.983133499999999744e-02,9.040000000000000000e+02,1.000000000000000000e+00
5.700000000000000000e+01,2.000000000000000000e+01,1.010000000000000000e+02,8.894779999999999701e-04,8.101461000000000773e-03,5.916282300000000327e-02,1.356000000000000000e+03,1.000000000000000000e+00
5.800000000000000000e+01,2.000000000000000000e+01,1.010000000000000000e+02,1.484900000000000098e-04,1.590283999999999968e-03,3.013959789999999805e-01,3.258000000000000000e+03,1.000000000000000000e+00
5.900000000000000000e+01,2.100000000000000000e+01,2.300000000000000000e+01,1.110990000000000014e-04,1.189836000000000105e-03,1.002229270000000033e-01,2.172000000000000000e+03,1.000000000000000000e+00
6.000000000000000000e+01,2.100000000000000000e+01,2.300000000000000000e+01,6.654989999999999517e-04,6.061435999999999907e-03,1.967335900000000137e-02,9.040000000000000000e+02,1.000000000000000000e+00
6.100000000000000000e+01,2.100000000000000000e+01,2.700000000000000000e+01,3.345949999999999771e-04,3.583401999999999855e-03,3.018392320000000129e-01,2.172000000000000000e+03,1.000000000000000000e+00
6.200000000000000000e+01,2.100000000000000000e+01,2.700000000000000000e+01,2.004268999999999929e-03,1.825509599999999844e-02,5.924983200000000227e-02,9.040000000000000000e+02,1.000000000000000000e+00
6.300000000000000000e+01,2.100000000000000000e+01,3.000000000000000000e+01,1.260894000000000034e-03,1.148435499999999991e-02,3.727431099999999747e-02,9.040000000000000000e+02,1.000000000000000000e+00
6.400000000000000000e+01,2.100000000000000000e+01,3.100000000000000000e+01,1.724190000000000011e-03,1.570410800000000134e-02,5.097019400000000339e-02,9.040000000000000000e+02,1.000000000000000000e+00
6.500000000000000000e+01,2.200000000000000000e+01,2.600000000000000000e+01,1.245560000000000048e-04,1.333954999999999950e-03,2.528155200000000158e-01,3.258000000000000000e+03,1.000000000000000000e+00
6.600000000000000000e+01,2.200000000000000000e+01,2.600000000000000000e+01,7.461079999999999926e-04,6.795629000000000079e-03,4.962667400000000256e-02,1.356000000000000000e+03,1.000000000000000000e+00
6.700000000000000000e+01,2.200000000000000000e+01,2.800000000000000000e+01,5.330000000000000129e-05,1.224900000000000012e-04,2.655319668000000188e+00,1.906000000000000000e+03,1.000000000000000000e+00
6.800000000000000000e+01,2.200000000000000000e+01,2.800000000000000000e+01,1.099078000000000077e-03,1.001052099999999966e-02,3.249074600000000090e-02,9.040000000000000000e+02,1.000000000000000000e+00
6.900000000000000000e+01,2.200000000000000000e+01,3.000000000000000000e+01,1.280817999999999974e-03,1.166582900000000082e-02,3.786331500000000155e-02,9.040000000000000000e+02,1.000000000000000000e+00
7.000000000000000000e+01,2.300000000000000000e+01,2.500000000000000000e+01,1.799190000000000099e-04,1.926874999999999985e-03,3.651877359999999850e-01,3.258000000000000000e+03,1.000000000000000000e+00
7.100000000000000000e+01,2.300000000000000000e+01,1.010000000000000000e+02,1.924080000000000050e-04,2.060621999999999801e-03,6.942862260000000063e-01,4.344000000000000000e+03,1.000000000000000000e+00
7.200000000000000000e+01,2.400000000000000000e+01,3.000000000000000000e+01,1.480551000000000089e-03,1.348501799999999966e-02,4.376778099999999866e-02,9.040000000000000000e+02,1.000000000000000000e+00
7.300000000000000000e+01,2.400000000000000000e+01,3.200000000000000000e+01,1.348683000000000043e-03,1.228395300000000023e-02,3.986953299999999867e-02,9.040000000000000000e+02,1.000000000000000000e+00
7.400000000000000000e+01,2.400000000000000000e+01,3.400000000000000000e+01,3.183090000000000181e-04,3.408983999999999886e-03,2.871475079999999958e-01,2.172000000000000000e+03,1.000000000000000000e+00
7.500000000000000000e+01,2.400000000000000000e+01,3.400000000000000000e+01,1.906712999999999984e-03,1.736654699999999954e-02,5.636590500000000087e-02,9.040000000000000000e+02,1.000000000000000000e+00
7.600000000000000000e+01,2.400000000000000000e+01,1.260000000000000000e+02,2.230933999999999955e-03,2.031958899999999901e-02,6.595047699999999347e-02,9.040000000000000000e+02,1.000000000000000000e+00
7.700000000000000000e+01,2.400000000000000000e+01,1.260000000000000000e+02,3.724350000000000078e-04,3.988654000000000331e-03,3.359746470000000151e-01,2.172000000000000000e+03,1.000000000000000000e+00
7.800000000000000000e+01,2.400000000000000000e+01,1.350000000000000000e+02,3.506580000000000027e-04,3.755428999999999799e-03,3.163295059999999825e-01,2.172000000000000000e+03,1.000000000000000000e+00
7.900000000000000000e+01,2.500000000000000000e+01,1.000000000000000000e+02,5.094589999999999752e-04,4.640204999999999677e-03,3.388618899999999712e-02,1.356000000000000000e+03,1.000000000000000000e+00
8.000000000000000000e+01,2.500000000000000000e+01,1.010000000000000000e+02,2.810140000000000034e-04,3.235189999999999767e-04,3.946076079999999986e-01,7.080000000000000000e+02,1.000000000000000000e+00
8.100000000000000000e+01,2.500000000000000000e+01,1.030000000000000000e+02,5.358249999999999732e-04,4.880350000000000313e-03,6.335982499999999462e-02,1.808000000000000000e+03,1.000000000000000000e+00
8.200000000000000000e+01,2.600000000000000000e+01,3.400000000000000000e+01,1.182849999999999966e-04,1.266795999999999938e-03,2.400873289999999882e-01,3.258000000000000000e+03,1.000000000000000000e+00
8.300000000000000000e+01,2.600000000000000000e+01,1.630000000000000000e+02,1.584930000000000019e-04,1.697406999999999952e-03,3.216982239999999771e-01,3.258000000000000000e+03,1.000000000000000000e+00
8.400000000000000000e+01,2.600000000000000000e+01,1.670000000000000000e+02,1.104834000000000068e-03,1.006294999999999933e-02,3.266091200000000028e-02,9.040000000000000000e+02,1.000000000000000000e+00
8.500000000000000000e+01,2.700000000000000000e+01,3.200000000000000000e+01,1.098790000000000096e-03,1.000790200000000081e-02,3.248224599999999934e-02,9.040000000000000000e+02,1.000000000000000000e+00
8.600000000000000000e+01,2.700000000000000000e+01,4.100000000000000000e+01,4.989999999999999997e-05,1.604544999999999973e-03,3.267393076999999924e+00,1.458000000000000000e+04,1.000000000000000000e+00
8.700000000000000000e+01,2.700000000000000000e+01,1.950000000000000000e+02,2.019999999999999972e-05,6.502110000000000398e-04,1.324049194999999957e+00,1.458000000000000000e+04,1.000000000000000000e+00
8.800000000000000000e+01,2.700000000000000000e+01,1.950000000000000000e+02,2.985129999999999793e-04,3.196974999999999904e-03,2.692895129999999804e-01,2.172000000000000000e+03,1.000000000000000000e+00
8.900000000000000000e+01,2.700000000000000000e+01,1.950000000000000000e+02,1.788132000000000003e-03,1.628650400000000026e-02,5.286045200000000222e-02,9.040000000000000000e+02,1.000000000000000000e+00
9.000000000000000000e+01,2.900000000000000000e+01,3.100000000000000000e+01,1.299580999999999957e-03,1.183672199999999917e-02,3.841797400000000057e-02,9.040000000000000000e+02,1.000000000000000000e+00
9.100000000000000000e+01,2.900000000000000000e+01,4.100000000000000000e+01,2.015591000000000171e-03,1.835822299999999990e-02,5.958454800000000107e-02,9.040000000000000000e+02,1.000000000000000000e+00
9.200000000000000000e+01,2.900000000000000000e+01,1.920000000000000000e+02,3.101750999999999814e-03,2.825108700000000111e-02,9.169342099999999718e-02,9.040000000000000000e+02,1.000000000000000000e+00
9.300000000000000000e+01,2.900000000000000000e+01,1.930000000000000000e+02,3.477199999999999844e-04,3.723970999999999965e-03,1.254718731000000087e+00,4.344000000000000000e+03,1.000000000000000000e+00
9.400000000000000000e+01,2.900000000000000000e+01,1.970000000000000000e+02,3.687429999999999896e-04,3.949120999999999881e-03,7.484504969999999924e-01,3.258000000000000000e+03,1.000000000000000000e+00
9.500000000000000000e+01,3.000000000000000000e+01,3.200000000000000000e+01,1.270960999999999922e-03,1.157604899999999971e-02,3.757191700000000328e-02,9.040000000000000000e+02,1.000000000000000000e+00
9.600000000000000000e+01,3.100000000000000000e+01,1.970000000000000000e+02,2.089399000000000031e-03,1.903046900000000125e-02,2.470657280000000122e-01,1.808000000000000000e+03,1.000000000000000000e+00
9.700000000000000000e+01,3.200000000000000000e+01,1.350000000000000000e+02,1.262513000000000047e-03,1.149910500000000078e-02,8.397491499999999720e-02,1.356000000000000000e+03,1.000000000000000000e+00
9.800000000000000000e+01,3.200000000000000000e+01,1.370000000000000000e+02,1.436718000000000023e-03,1.308577999999999998e-02,4.247199200000000008e-02,9.040000000000000000e+02,1.000000000000000000e+00
9.900000000000000000e+01,3.300000000000000000e+01,3.500000000000000000e+01,2.155816000000000069e-03,1.963540299999999919e-02,1.433921420000000002e-01,1.356000000000000000e+03,1.000000000000000000e+00
1.000000000000000000e+02,3.300000000000000000e+01,3.900000000000000000e+01,6.408650000000000110e-04,5.837067999999999944e-03,1.894513800000000026e-02,9.040000000000000000e+02,1.000000000000000000e+00
1.010000000000000000e+02,3.300000000000000000e+01,3.900000000000000000e+01,3.109999999999999700e-05,7.140000000000000079e-05,1.548299241999999909e+00,1.906000000000000000e+03,1.000000000000000000e+00
1.020000000000000000e+02,3.300000000000000000e+01,1.010000000000000000e+02,6.443570000000000244e-04,5.868868999999999649e-03,1.904835399999999998e-02,9.040000000000000000e+02,1.000000000000000000e+00
1.030000000000000000e+02,3.300000000000000000e+01,1.010000000000000000e+02,1.075700000000000018e-04,1.152035999999999945e-03,9.703893600000000619e-02,2.172000000000000000e+03,1.000000000000000000e+00
1.040000000000000000e+02,3.400000000000000000e+01,1.350000000000000000e+02,3.319950000000000223e-04,3.555561000000000051e-03,1.197976512000000104e+00,4.344000000000000000e+03,1.000000000000000000e+00
1.050000000000000000e+02,3.500000000000000000e+01,3.900000000000000000e+01,1.549065000000000077e-03,1.410905200000000040e-02,1.831727439999999985e-01,1.808000000000000000e+03,1.000000000000000000e+00
1.060000000000000000e+02,3.500000000000000000e+01,4.100000000000000000e+01,5.023029999999999509e-04,5.379499999999999733e-03,4.531292230000000254e-01,2.172000000000000000e+03,1.000000000000000000e+00
1.070000000000000000e+02,3.500000000000000000e+01,4.400000000000000000e+01,3.703189999999999759e-04,3.965998999999999566e-03,3.340663179999999732e-01,2.172000000000000000e+03,1.000000000000000000e+00
1.080000000000000000e+02,3.600000000000000000e+01,3.900000000000000000e+01,1.529219999999999972e-04,1.637750000000000100e-03,3.103918310000000069e-01,3.258000000000000000e+03,1.000000000000000000e+00
1.090000000000000000e+02,3.600000000000000000e+01,4.000000000000000000e+01,1.330617000000000084e-03,1.211940400000000029e-02,3.933546400000000054e-02,9.040000000000000000e+02,1.000000000000000000e+00
1.100000000000000000e+02,3.600000000000000000e+01,4.400000000000000000e+01,1.539844000000000065e-03,1.402506100000000012e-02,4.552057999999999799e-02,9.040000000000000000e+02,1.000000000000000000e+00
1.110000000000000000e+02,3.600000000000000000e+01,1.560000000000000000e+02,7.403379999999999987e-04,6.743075999999999758e-03,2.188573200000000149e-02,9.040000000000000000e+02,1.000000000000000000e+00
1.120000000000000000e+02,3.600000000000000000e+01,1.590000000000000000e+02,2.552690000000000254e-04,2.733843000000000124e-03,2.302787129999999960e-01,2.172000000000000000e+03,1.000000000000000000e+00
1.130000000000000000e+02,3.600000000000000000e+01,1.590000000000000000e+02,7.645469999999999697e-04,6.963574000000000153e-03,9.040557700000000085e-02,1.808000000000000000e+03,1.000000000000000000e+00
1.140000000000000000e+02,3.700000000000000000e+01,4.300000000000000000e+01,1.605839999999999926e-04,1.848730000000000035e-04,9.019846980000000292e-01,1.416000000000000000e+03,1.000000000000000000e+00
1.150000000000000000e+02,3.700000000000000000e+01,1.020000000000000000e+02,3.246179999999999877e-04,3.737190000000000043e-04,1.025634288000000005e+00,1.062000000000000000e+03,1.000000000000000000e+00
1.160000000000000000e+02,3.700000000000000000e+01,1.590000000000000000e+02,1.052210000000000038e-03,9.583639999999999173e-03,3.110523600000000138e-02,9.040000000000000000e+02,1.000000000000000000e+00
1.170000000000000000e+02,3.800000000000000000e+01,3.900000000000000000e+01,2.460000000000000164e-05,2.830000000000000010e-05,6.997013819999999829e-01,3.186000000000000000e+03,1.000000000000000000e+00
1.180000000000000000e+02,3.800000000000000000e+01,1.560000000000000000e+02,8.509999999999999498e-05,9.799999999999999684e-05,1.464152724999999933e+00,2.478000000000000000e+03,1.000000000000000000e+00
1.190000000000000000e+02,3.900000000000000000e+01,4.100000000000000000e+01,2.578680000000000186e-04,2.761678000000000049e-03,5.234024229999999500e-01,3.258000000000000000e+03,1.000000000000000000e+00
1.200000000000000000e+02,3.900000000000000000e+01,1.570000000000000000e+02,4.410330000000000175e-04,4.016976000000000227e-03,2.933490700000000034e-02,1.356000000000000000e+03,1.000000000000000000e+00
1.210000000000000000e+02,4.000000000000000000e+01,4.200000000000000000e+01,1.097043000000000020e-03,9.991981999999999947e-03,3.243057700000000210e-02,9.040000000000000000e+02,1.000000000000000000e+00
1.220000000000000000e+02,4.000000000000000000e+01,4.300000000000000000e+01,2.753449999999999735e-04,2.948858999999999855e-03,5.588776410000000361e-01,3.258000000000000000e+03,1.000000000000000000e+00
1.230000000000000000e+02,4.000000000000000000e+01,4.400000000000000000e+01,1.578720000000000091e-04,1.690763000000000075e-03,1.424173780000000111e-01,2.172000000000000000e+03,1.000000000000000000e+00
1.240000000000000000e+02,4.000000000000000000e+01,4.400000000000000000e+01,9.456780000000000351e-04,8.613335999999999215e-03,2.795596100000000139e-02,9.040000000000000000e+02,1.000000000000000000e+00
1.250000000000000000e+02,4.100000000000000000e+01,4.400000000000000000e+01,3.343889999999999862e-04,3.581193999999999784e-03,1.206612883000000025e+00,4.344000000000000000e+03,1.000000000000000000e+00
1.260000000000000000e+02,4.200000000000000000e+01,4.400000000000000000e+01,1.377891999999999919e-03,1.254998700000000030e-02,4.073299100000000311e-02,9.040000000000000000e+02,1.000000000000000000e+00
1.270000000000000000e+02,4.200000000000000000e+01,4.400000000000000000e+01,2.300269999999999984e-04,2.463512000000000167e-03,2.075080119999999917e-01,2.172000000000000000e+03,1.000000000000000000e+00
1.280000000000000000e+02,4.200000000000000000e+01,1.610000000000000000e+02,4.587512000000000187e-03,4.178355500000000000e-02,1.356152110000000133e-01,9.040000000000000000e+02,1.000000000000000000e+00
1.290000000000000000e+02,4.300000000000000000e+01,1.590000000000000000e+02,1.795210000000000046e-04,1.922616999999999946e-03,3.643806929999999777e-01,3.258000000000000000e+03,1.000000000000000000e+00
1.300000000000000000e+02,4.300000000000000000e+01,1.590000000000000000e+02,1.075358000000000000e-03,9.794476999999999350e-03,7.152646999999999478e-02,1.356000000000000000e+03,1.000000000000000000e+00
1.310000000000000000e+02,4.300000000000000000e+01,1.610000000000000000e+02,1.796592000000000067e-03,1.636355899999999974e-02,5.311054600000000153e-02,9.040000000000000000e+02,1.000000000000000000e+00
1.320000000000000000e+02,4.300000000000000000e+01,1.620000000000000000e+02,1.580619999999999920e-04,1.692797999999999916e-03,1.425887610000000083e-01,2.172000000000000000e+03,1.000000000000000000e+00
1.330000000000000000e+02,4.500000000000000000e+01,4.800000000000000000e+01,1.469038999999999892e-03,1.338016300000000047e-02,9.771178299999999650e-02,1.356000000000000000e+03,1.000000000000000000e+00
1.340000000000000000e+02,4.500000000000000000e+01,5.800000000000000000e+01,1.436903000000000008e-03,1.308746400000000004e-02,4.247745700000000318e-02,9.040000000000000000e+02,1.000000000000000000e+00
1.350000000000000000e+02,4.600000000000000000e+01,6.100000000000000000e+01,1.954257000000000043e-03,1.779958699999999866e-02,5.777140699999999685e-02,9.040000000000000000e+02,1.000000000000000000e+00
1.360000000000000000e+02,4.600000000000000000e+01,6.200000000000000000e+01,1.969232000000000014e-03,1.793598199999999962e-02,5.821409799999999884e-02,9.040000000000000000e+02,1.000000000000000000e+00
1.370000000000000000e+02,4.700000000000000000e+01,5.000000000000000000e+01,1.809029999999999991e-04,1.937417000000000089e-03,1.631936589999999909e-01,2.172000000000000000e+03,1.000000000000000000e+00
1.380000000000000000e+02,4.700000000000000000e+01,5.000000000000000000e+01,1.083636000000000018e-03,9.869875999999999650e-03,3.203426100000000137e-02,9.040000000000000000e+02,1.000000000000000000e+00
1.390000000000000000e+02,4.700000000000000000e+01,5.100000000000000000e+01,2.160033999999999912e-03,1.967382200000000053e-02,6.385453600000000340e-02,9.040000000000000000e+02,1.000000000000000000e+00
1.400000000000000000e+02,4.700000000000000000e+01,5.600000000000000000e+01,1.035530000000000028e-04,1.109022999999999997e-03,9.341585600000000544e-02,2.172000000000000000e+03,1.000000000000000000e+00
1.410000000000000000e+02,4.700000000000000000e+01,5.600000000000000000e+01,6.202990000000000457e-04,5.649747000000000102e-03,1.833715799999999924e-02,9.040000000000000000e+02,1.000000000000000000e+00
1.420000000000000000e+02,4.700000000000000000e+01,1.420000000000000000e+02,1.420168000000000081e-03,1.293504600000000039e-02,4.198276000000000091e-02,9.040000000000000000e+02,1.000000000000000000e+00
1.430000000000000000e+02,4.700000000000000000e+01,1.420000000000000000e+02,2.370840000000000089e-04,2.539098000000000049e-03,2.138747669999999934e-01,2.172000000000000000e+03,1.000000000000000000e+00
1.440000000000000000e+02,4.700000000000000000e+01,1.470000000000000000e+02,1.840679999999999866e-04,1.971309000000000082e-03,6.641937070000000221e-01,4.344000000000000000e+03,1.000000000000000000e+00
1.450000000000000000e+02,4.700000000000000000e+01,1.480000000000000000e+02,2.206479999999999921e-04,2.363070000000000101e-03,4.478568789999999855e-01,3.258000000000000000e+03,1.000000000000000000e+00
1.460000000000000000e+02,4.800000000000000000e+01,5.000000000000000000e+01,1.799924000000000055e-03,1.639390400000000081e-02,1.197203299999999998e-01,1.356000000000000000e+03,1.000000000000000000e+00
1.470000000000000000e+02,4.800000000000000000e+01,5.200000000000000000e+01,1.777645999999999914e-03,1.619099099999999833e-02,5.255044999999999855e-02,9.040000000000000000e+02,1.000000000000000000e+00
1.480000000000000000e+02,4.800000000000000000e+01,5.800000000000000000e+01,1.016820000000000094e-03,9.261307999999999346e-03,3.005905700000000014e-02,9.040000000000000000e+02,1.000000000000000000e+00
1.490000000000000000e+02,4.900000000000000000e+01,5.500000000000000000e+01,3.647599999999999974e-04,3.906464000000000117e-03,7.403659929999999445e-01,3.258000000000000000e+03,1.000000000000000000e+00
1.500000000000000000e+02,4.900000000000000000e+01,5.900000000000000000e+01,2.127126999999999924e-03,1.937410499999999910e-02,6.288175599999999699e-02,9.040000000000000000e+02,1.000000000000000000e+00
1.510000000000000000e+02,4.900000000000000000e+01,7.900000000000000000e+01,1.822299999999999951e-04,1.951627999999999957e-03,3.698791160000000078e-01,3.258000000000000000e+03,1.000000000000000000e+00
1.520000000000000000e+02,5.000000000000000000e+01,5.200000000000000000e+01,2.774240000000000191e-04,2.971122000000000086e-03,1.564157852999999987e+00,5.430000000000000000e+03,1.000000000000000000e+00
1.530000000000000000e+02,5.000000000000000000e+01,5.400000000000000000e+01,2.363629999999999865e-04,2.531371000000000142e-03,4.797539049999999805e-01,3.258000000000000000e+03,1.000000000000000000e+00
1.540000000000000000e+02,5.000000000000000000e+01,5.700000000000000000e+01,2.647881999999999840e-03,2.411719299999999858e-02,7.827620700000000042e-02,9.040000000000000000e+02,1.000000000000000000e+00
1.550000000000000000e+02,5.000000000000000000e+01,6.000000000000000000e+01,1.043396999999999944e-03,9.503370000000000567e-03,3.084470900000000140e-02,9.040000000000000000e+02,1.000000000000000000e+00
1.560000000000000000e+02,5.100000000000000000e+01,5.700000000000000000e+01,1.948454999999999979e-03,1.774673699999999854e-02,5.759987200000000335e-02,9.040000000000000000e+02,1.000000000000000000e+00
1.570000000000000000e+02,5.100000000000000000e+01,1.200000000000000000e+02,1.446252000000000084e-03,1.317261899999999999e-02,4.275384100000000076e-02,9.040000000000000000e+02,1.000000000000000000e+00
1.580000000000000000e+02,5.100000000000000000e+01,1.500000000000000000e+02,2.251564000000000169e-03,2.050749199999999869e-02,6.656034600000000634e-02,9.040000000000000000e+02,1.000000000000000000e+00
1.590000000000000000e+02,5.200000000000000000e+01,5.500000000000000000e+01,2.176504000000000112e-03,1.982383600000000093e-02,6.434143100000000448e-02,9.040000000000000000e+02,1.000000000000000000e+00
1.600000000000000000e+02,5.200000000000000000e+01,5.600000000000000000e+01,3.065640000000000010e-04,3.283205999999999885e-03,1.728455792999999963e+00,5.430000000000000000e+03,1.000000000000000000e+00
1.610000000000000000e+02,5.200000000000000000e+01,5.800000000000000000e+01,1.619479999999999965e-03,1.475040199999999926e-02,1.077182730000000033e-01,1.356000000000000000e+03,1.000000000000000000e+00
1.620000000000000000e+02,5.300000000000000000e+01,5.500000000000000000e+01,2.970539999999999921e-04,3.181348999999999982e-03,6.029398639999999920e-01,3.258000000000000000e+03,1.000000000000000000e+00
1.630000000000000000e+02,5.400000000000000000e+01,5.500000000000000000e+01,1.534098000000000015e-03,1.397272899999999970e-02,4.535072500000000145e-02,9.040000000000000000e+02,1.000000000000000000e+00
1.640000000000000000e+02,5.400000000000000000e+01,5.500000000000000000e+01,2.561039999999999996e-04,2.742791000000000066e-03,2.310323539999999953e-01,2.172000000000000000e+03,1.000000000000000000e+00
1.650000000000000000e+02,5.400000000000000000e+01,6.100000000000000000e+01,2.073318000000000209e-03,1.888400499999999885e-02,2.451642350000000081e-01,1.808000000000000000e+03,1.000000000000000000e+00
1.660000000000000000e+02,5.400000000000000000e+01,1.110000000000000000e+02,3.014320000000000237e-04,3.228243999999999905e-03,1.699520734999999894e+00,5.430000000000000000e+03,1.000000000000000000e+00
1.670000000000000000e+02,5.400000000000000000e+01,1.740000000000000000e+02,5.193990000000000325e-04,5.562598000000000195e-03,1.874208042000000018e+00,4.344000000000000000e+03,1.000000000000000000e+00
1.680000000000000000e+02,5.500000000000000000e+01,5.900000000000000000e+01,2.857939999999999786e-03,2.603042300000000045e-02,8.448590100000000214e-02,9.040000000000000000e+02,1.000000000000000000e+00
1.690000000000000000e+02,5.500000000000000000e+01,6.000000000000000000e+01,1.417868999999999987e-03,1.291410399999999917e-02,9.430827999999999434e-02,1.356000000000000000e+03,1.000000000000000000e+00
1.700000000000000000e+02,5.600000000000000000e+01,1.420000000000000000e+02,1.709968000000000078e-03,1.557457299999999954e-02,5.054976600000000292e-02,9.040000000000000000e+02,1.000000000000000000e+00
1.710000000000000000e+02,5.700000000000000000e+01,1.090000000000000000e+02,2.589770000000000245e-04,2.773558000000000186e-03,5.256539220000000512e-01,3.258000000000000000e+03,1.000000000000000000e+00
1.720000000000000000e+02,5.700000000000000000e+01,1.110000000000000000e+02,2.311169999999999978e-03,2.105038799999999974e-02,6.832240200000000430e-02,9.040000000000000000e+02,1.000000000000000000e+00
1.730000000000000000e+02,5.700000000000000000e+01,1.110000000000000000e+02,2.572200000000000072e-04,2.754738000000000065e-03,5.220870840000000346e-01,3.258000000000000000e+03,1.000000000000000000e+00
1.740000000000000000e+02,5.700000000000000000e+01,1.500000000000000000e+02,4.729999999999999775e-05,1.520408999999999910e-03,3.096064563000000103e+00,1.458000000000000000e+04,1.000000000000000000e+00
1.750000000000000000e+02,5.900000000000000000e+01,7.900000000000000000e+01,1.148041999999999943e-03,1.045648799999999989e-02,3.393820499999999907e-02,9.040000000000000000e+02,1.000000000000000000e+00
1.760000000000000000e+02,6.200000000000000000e+01,1.090000000000000000e+02,1.508545999999999932e-03,1.373999600000000085e-02,4.459535399999999677e-02,9.040000000000000000e+02,1.000000000000000000e+00
1.770000000000000000e+02,6.300000000000000000e+01,7.000000000000000000e+01,2.477336000000000121e-03,2.256384100000000115e-02,7.323455299999999391e-02,9.040000000000000000e+02,1.000000000000000000e+00
1.780000000000000000e+02,6.300000000000000000e+01,7.100000000000000000e+01,2.118268999999999881e-03,1.929342100000000157e-02,6.261988400000000066e-02,9.040000000000000000e+02,1.000000000000000000e+00
1.790000000000000000e+02,6.300000000000000000e+01,7.100000000000000000e+01,3.536260000000000054e-04,3.787220999999999903e-03,3.190074480000000268e-01,2.172000000000000000e+03,1.000000000000000000e+00
1.800000000000000000e+02,6.300000000000000000e+01,7.400000000000000000e+01,2.453204999999999969e-03,2.234405700000000050e-02,7.252120900000000314e-02,9.040000000000000000e+02,1.000000000000000000e+00
1.810000000000000000e+02,6.400000000000000000e+01,6.500000000000000000e+01,1.841135999999999944e-03,1.676926399999999900e-02,5.442732799999999704e-02,9.040000000000000000e+02,1.000000000000000000e+00
1.820000000000000000e+02,6.400000000000000000e+01,6.800000000000000000e+01,2.966653999999999992e-03,2.702060900000000099e-02,8.769970700000000174e-02,9.040000000000000000e+02,1.000000000000000000e+00
1.830000000000000000e+02,6.400000000000000000e+01,1.100000000000000000e+02,1.619060000000000074e-03,1.474657799999999977e-02,4.786237699999999762e-02,9.040000000000000000e+02,1.000000000000000000e+00
1.840000000000000000e+02,6.400000000000000000e+01,1.120000000000000000e+02,1.294641999999999928e-03,1.179174399999999984e-02,1.530879609999999946e-01,1.808000000000000000e+03,1.000000000000000000e+00
1.850000000000000000e+02,6.400000000000000000e+01,1.210000000000000000e+02,1.212895999999999983e-03,1.104718699999999998e-02,3.585541200000000317e-02,9.040000000000000000e+02,1.000000000000000000e+00
1.860000000000000000e+02,6.400000000000000000e+01,1.210000000000000000e+02,1.349880000000000025e-04,1.445679000000000061e-03,2.739898949999999833e-01,3.258000000000000000e+03,1.000000000000000000e+00
1.870000000000000000e+02,6.500000000000000000e+01,7.300000000000000000e+01,1.216475000000000065e-03,1.107978800000000014e-02,3.596122300000000049e-02,9.040000000000000000e+02,1.000000000000000000e+00
1.880000000000000000e+02,6.600000000000000000e+01,6.800000000000000000e+01,1.483844999999999912e-03,1.351501800000000017e-02,4.386515199999999753e-02,9.040000000000000000e+02,1.000000000000000000e+00
1.890000000000000000e+02,6.600000000000000000e+01,7.000000000000000000e+01,2.429311999999999878e-03,2.212643900000000122e-02,1.615835180000000093e-01,1.356000000000000000e+03,1.000000000000000000e+00
1.900000000000000000e+02,6.600000000000000000e+01,1.870000000000000000e+02,3.668123000000000130e-03,3.340966100000000022e-02,1.084363960000000043e-01,9.040000000000000000e+02,1.000000000000000000e+00
1.910000000000000000e+02,6.700000000000000000e+01,7.000000000000000000e+01,9.870460000000001038e-04,8.990120000000000750e-03,2.917887400000000048e-02,9.040000000000000000e+02,1.000000000000000000e+00
1.920000000000000000e+02,6.700000000000000000e+01,7.000000000000000000e+01,1.647789999999999888e-04,1.764724999999999974e-03,1.486473219999999984e-01,2.172000000000000000e+03,1.000000000000000000e+00
1.930000000000000000e+02,6.700000000000000000e+01,7.200000000000000000e+01,2.313869999999999989e-03,2.107498199999999905e-02,2.736088970000000176e-01,1.808000000000000000e+03,1.000000000000000000e+00
1.940000000000000000e+02,6.700000000000000000e+01,7.200000000000000000e+01,3.862800000000000218e-04,4.136934999999999571e-03,1.393858800999999925e+00,4.344000000000000000e+03,1.000000000000000000e+00
1.950000000000000000e+02,6.800000000000000000e+01,1.910000000000000000e+02,2.797164999999999895e-03,2.547687900000000089e-02,1.860508929999999950e-01,1.356000000000000000e+03,1.000000000000000000e+00
1.960000000000000000e+02,6.900000000000000000e+01,7.400000000000000000e+01,1.978681999999999837e-03,1.802204599999999990e-02,5.849343099999999851e-02,9.040000000000000000e+02,1.000000000000000000e+00
1.970000000000000000e+02,6.900000000000000000e+01,1.170000000000000000e+02,1.889173000000000067e-03,1.720678800000000064e-02,1.256566130000000003e-01,1.356000000000000000e+03,1.000000000000000000e+00
1.980000000000000000e+02,7.000000000000000000e+01,7.100000000000000000e+01,3.014049999999999781e-04,3.227954999999999800e-03,2.718989889999999798e-01,2.172000000000000000e+03,1.000000000000000000e+00
1.990000000000000000e+02,7.000000000000000000e+01,1.140000000000000000e+02,5.325080000000000048e-04,5.702984999999999825e-03,3.002357475999999803e+00,5.430000000000000000e+03,1.000000000000000000e+00
2.000000000000000000e+02,7.000000000000000000e+01,1.930000000000000000e+02,3.312669999999999981e-04,3.547768000000000189e-03,1.195350718999999895e+00,4.344000000000000000e+03,1.000000000000000000e+00
2.010000000000000000e+02,7.200000000000000000e+01,1.170000000000000000e+02,5.001875999999999718e-03,4.555762800000000279e-02,1.478645670000000023e-01,9.040000000000000000e+02,1.000000000000000000e+00
2.020000000000000000e+02,7.300000000000000000e+01,1.210000000000000000e+02,1.862471000000000092e-03,1.696358499999999978e-02,2.202321080000000098e-01,1.808000000000000000e+03,1.000000000000000000e+00
2.030000000000000000e+02,7.500000000000000000e+01,8.400000000000000000e+01,1.504172000000000018e-03,1.370016500000000026e-02,1.778643109999999972e-01,1.808000000000000000e+03,1.000000000000000000e+00
2.040000000000000000e+02,7.500000000000000000e+01,9.200000000000000000e+01,1.550125999999999978e-03,1.411871299999999975e-02,4.582454200000000283e-02,9.040000000000000000e+02,1.000000000000000000e+00
2.050000000000000000e+02,7.500000000000000000e+01,9.500000000000000000e+01,1.009928999999999905e-03,9.198540999999999315e-03,2.985533599999999968e-02,9.040000000000000000e+02,1.000000000000000000e+00
2.060000000000000000e+02,7.500000000000000000e+01,9.800000000000000000e+01,1.323773000000000094e-03,1.205706500000000049e-02,3.913313399999999997e-02,9.040000000000000000e+02,1.000000000000000000e+00
2.070000000000000000e+02,7.600000000000000000e+01,8.800000000000000000e+01,3.348182999999999802e-03,3.049561099999999886e-02,9.897838400000000258e-02,9.040000000000000000e+02,1.000000000000000000e+00
2.080000000000000000e+02,7.600000000000000000e+01,9.000000000000000000e+01,3.212851000000000075e-03,2.926299200000000156e-02,9.497771900000000211e-02,9.040000000000000000e+02,1.000000000000000000e+00
2.090000000000000000e+02,7.700000000000000000e+01,8.000000000000000000e+01,1.422880999999999972e-03,1.295975000000000078e-02,1.682517679999999960e-01,1.808000000000000000e+03,1.000000000000000000e+00
2.100000000000000000e+02,7.700000000000000000e+01,8.100000000000000000e+01,1.403067999999999937e-03,1.277929300000000060e-02,4.147723999999999855e-02,9.040000000000000000e+02,1.000000000000000000e+00
2.110000000000000000e+02,7.700000000000000000e+01,8.800000000000000000e+01,3.005747999999999927e-03,2.737667800000000151e-02,8.885538499999999507e-02,9.040000000000000000e+02,1.000000000000000000e+00
2.120000000000000000e+02,7.700000000000000000e+01,1.780000000000000000e+02,1.280019999999999986e-03,1.165856300000000026e-02,3.783973200000000092e-02,9.040000000000000000e+02,1.000000000000000000e+00
2.130000000000000000e+02,7.800000000000000000e+01,8.200000000000000000e+01,1.244536000000000080e-03,1.133536700000000071e-02,3.679074599999999917e-02,9.040000000000000000e+02,1.000000000000000000e+00
2.140000000000000000e+02,7.800000000000000000e+01,9.400000000000000000e+01,1.419286999999999979e-03,1.292702299999999929e-02,4.195672100000000238e-02,9.040000000000000000e+02,1.000000000000000000e+00
2.150000000000000000e+02,7.900000000000000000e+01,8.800000000000000000e+01,2.475339999999999919e-04,2.651012999999999807e-03,2.233017099999999866e-01,2.172000000000000000e+03,1.000000000000000000e+00
2.160000000000000000e+02,7.900000000000000000e+01,8.800000000000000000e+01,1.482765000000000038e-03,1.350518300000000047e-02,4.383323100000000028e-02,9.040000000000000000e+02,1.000000000000000000e+00
2.170000000000000000e+02,7.900000000000000000e+01,9.200000000000000000e+01,4.009770000000000066e-04,4.294331999999999663e-03,3.255504478999999840e+00,6.516000000000000000e+03,1.000000000000000000e+00
2.180000000000000000e+02,8.000000000000000000e+01,8.300000000000000000e+01,1.208459000000000052e-03,1.100677100000000026e-02,3.572423500000000002e-02,9.040000000000000000e+02,1.000000000000000000e+00
2.190000000000000000e+02,8.000000000000000000e+01,8.700000000000000000e+01,3.105149999999999772e-04,2.828200999999999805e-03,9.179379999999999137e-03,9.040000000000000000e+02,1.000000000000000000e+00
2.200000000000000000e+02,8.000000000000000000e+01,9.100000000000000000e+01,2.471800000000000017e-04,2.647216999999999886e-03,8.919277150000000098e-01,4.344000000000000000e+03,1.000000000000000000e+00
2.210000000000000000e+02,8.000000000000000000e+01,9.400000000000000000e+01,1.342864999999999944e-03,1.223095700000000063e-02,3.969752700000000328e-02,9.040000000000000000e+02,1.000000000000000000e+00
2.220000000000000000e+02,8.000000000000000000e+01,9.900000000000000000e+01,1.368250000000000054e-04,1.465354000000000092e-03,2.777188190000000056e-01,3.258000000000000000e+03,1.000000000000000000e+00
2.230000000000000000e+02,8.000000000000000000e+01,1.740000000000000000e+02,2.639340000000000110e-04,2.826648000000000181e-03,1.488099373000000059e+00,5.430000000000000000e+03,1.000000000000000000e+00
2.240000000000000000e+02,8.200000000000000000e+01,8.400000000000000000e+01,1.426446999999999958e-03,1.299223099999999992e-02,1.686734589999999978e-01,1.808000000000000000e+03,1.000000000000000000e+00
2.250000000000000000e+02,8.200000000000000000e+01,8.700000000000000000e+01,1.141677000000000013e-03,1.039852100000000085e-02,7.593764499999999806e-02,1.356000000000000000e+03,1.000000000000000000e+00
2.260000000000000000e+02,8.200000000000000000e+01,9.200000000000000000e+01,1.885039999999999936e-03,1.716914900000000160e-02,5.572521999999999892e-02,9.040000000000000000e+02,1.000000000000000000e+00
2.270000000000000000e+02,8.200000000000000000e+01,9.900000000000000000e+01,1.920791999999999942e-03,1.749478399999999934e-02,5.678211799999999948e-02,9.040000000000000000e+02,1.000000000000000000e+00
2.280000000000000000e+02,8.300000000000000000e+01,1.830000000000000000e+02,2.458703999999999924e-03,2.239413900000000041e-02,7.268375900000000056e-02,9.040000000000000000e+02,1.000000000000000000e+00
2.290000000000000000e+02,8.400000000000000000e+01,8.500000000000000000e+01,1.687092000000000062e-03,1.536621300000000009e-02,4.987350100000000064e-02,9.040000000000000000e+02,1.000000000000000000e+00
2.300000000000000000e+02,8.400000000000000000e+01,8.900000000000000000e+01,2.068494000000000149e-03,1.884006699999999854e-02,6.114845000000000003e-02,9.040000000000000000e+02,1.000000000000000000e+00
2.310000000000000000e+02,8.400000000000000000e+01,9.600000000000000000e+01,2.979490000000000003e-03,2.713751899999999884e-02,8.807915700000000514e-02,9.040000000000000000e+02,1.000000000000000000e+00
2.320000000000000000e+02,8.500000000000000000e+01,8.900000000000000000e+01,2.135987000000000215e-03,1.945480299999999968e-02,1.420732640000000047e-01,1.356000000000000000e+03,1.000000000000000000e+00
2.330000000000000000e+02,8.500000000000000000e+01,9.200000000000000000e+01,2.298553000000000054e-03,2.093547200000000011e-02,6.794942099999999596e-02,9.040000000000000000e+02,1.000000000000000000e+00
2.340000000000000000e+02,8.500000000000000000e+01,9.700000000000000000e+01,6.828500000000000368e-04,6.219467999999999698e-03,2.018627699999999900e-02,9.040000000000000000e+02,1.000000000000000000e+00
2.350000000000000000e+02,8.600000000000000000e+01,8.800000000000000000e+01,3.451861000000000079e-03,3.143992599999999998e-02,1.020433079999999992e-01,9.040000000000000000e+02,1.000000000000000000e+00
2.360000000000000000e+02,8.600000000000000000e+01,9.500000000000000000e+01,1.376463999999999986e-03,1.253698399999999928e-02,4.069078699999999910e-02,9.040000000000000000e+02,1.000000000000000000e+00
2.370000000000000000e+02,8.700000000000000000e+01,9.900000000000000000e+01,1.036674999999999923e-03,9.442152000000000531e-03,3.064601499999999867e-02,9.040000000000000000e+02,1.000000000000000000e+00
2.380000000000000000e+02,8.800000000000000000e+01,9.000000000000000000e+01,3.918069999999999843e-04,4.196123999999999861e-03,3.534504250000000125e-01,2.172000000000000000e+03,1.000000000000000000e+00
2.390000000000000000e+02,8.800000000000000000e+01,9.000000000000000000e+01,2.346977000000000091e-03,2.137651600000000165e-02,6.938090199999999430e-02,9.040000000000000000e+02,1.000000000000000000e+00
2.400000000000000000e+02,8.800000000000000000e+01,9.900000000000000000e+01,3.687001999999999988e-03,3.358161500000000216e-02,1.089945030000000065e-01,9.040000000000000000e+02,1.000000000000000000e+00
2.410000000000000000e+02,8.800000000000000000e+01,1.740000000000000000e+02,4.375270000000000005e-04,4.685771000000000033e-03,8.880628959999999905e-01,3.258000000000000000e+03,1.000000000000000000e+00
2.420000000000000000e+02,9.100000000000000000e+01,9.400000000000000000e+01,2.103972999999999868e-03,1.916321199999999891e-02,6.219726800000000000e-02,9.040000000000000000e+02,1.000000000000000000e+00
2.430000000000000000e+02,9.100000000000000000e+01,1.740000000000000000e+02,3.045090000000000080e-04,3.261188999999999841e-03,3.365055638999999932e+00,7.602000000000000000e+03,1.000000000000000000e+00
2.440000000000000000e+02,9.100000000000000000e+01,1.750000000000000000e+02,4.193040000000000092e-04,4.490609999999999914e-03,2.364097987000000067e+00,5.430000000000000000e+03,1.000000000000000000e+00
2.450000000000000000e+02,9.200000000000000000e+01,9.800000000000000000e+01,1.381798000000000054e-03,1.258556199999999979e-02,9.190901899999999458e-02,1.356000000000000000e+03,1.000000000000000000e+00
2.460000000000000000e+02,9.200000000000000000e+01,9.900000000000000000e+01,5.003829999999999693e-04,5.358945000000000375e-03,4.513978350000000250e-01,2.172000000000000000e+03,1.000000000000000000e+00
2.470000000000000000e+02,9.300000000000000000e+01,9.800000000000000000e+01,2.416296000000000069e-03,2.200788099999999997e-02,7.143009799999999743e-02,9.040000000000000000e+02,1.000000000000000000e+00
2.480000000000000000e+02,9.600000000000000000e+01,9.800000000000000000e+01,2.612642999999999997e-03,2.379623399999999944e-02,7.723448099999999372e-02,9.040000000000000000e+02,1.000000000000000000e+00
2.490000000000000000e+02,1.000000000000000000e+02,1.010000000000000000e+02,1.051689999999999955e-04,1.210760000000000043e-04,1.329125241999999929e+00,2.124000000000000000e+03,1.000000000000000000e+00
2.500000000000000000e+02,1.000000000000000000e+02,1.060000000000000000e+02,5.360000000000000350e-06,6.170000000000000218e-06,6.773258999999999530e-02,2.124000000000000000e+03,1.000000000000000000e+00
2.510000000000000000e+02,1.010000000000000000e+02,1.570000000000000000e+02,8.217549999999999681e-04,7.484629999999999929e-03,2.429256299999999966e-02,9.040000000000000000e+02,1.000000000000000000e+00
2.520000000000000000e+02,1.020000000000000000e+02,1.050000000000000000e+02,1.656630000000000027e-04,1.508872999999999985e-03,4.897290000000000323e-03,9.040000000000000000e+02,1.000000000000000000e+00
2.530000000000000000e+02,1.020000000000000000e+02,1.650000000000000000e+02,2.363809999999999989e-04,2.721350000000000093e-04,3.319321510000000086e-01,7.080000000000000000e+02,1.000000000000000000e+00
2.540000000000000000e+02,1.030000000000000000e+02,1.040000000000000000e+02,1.179149999999999984e-04,1.357499999999999929e-04,6.623132179999999813e-01,1.416000000000000000e+03,1.000000000000000000e+00
2.550000000000000000e+02,1.030000000000000000e+02,1.060000000000000000e+02,3.301099999999999954e-04,3.006675999999999793e-03,9.758647999999999975e-03,9.040000000000000000e+02,1.000000000000000000e+00
2.560000000000000000e+02,1.030000000000000000e+02,1.060000000000000000e+02,1.599999999999999928e-05,3.680000000000000003e-05,7.975295500000000315e-01,1.906000000000000000e+03,1.000000000000000000e+00
2.570000000000000000e+02,1.040000000000000000e+02,1.050000000000000000e+02,1.699679999999999963e-04,1.956770000000000037e-04,2.386735239999999980e-01,7.080000000000000000e+02,1.000000000000000000e+00
2.580000000000000000e+02,1.050000000000000000e+02,1.580000000000000000e+02,1.695620000000000005e-04,1.952090000000000075e-04,2.381030309999999928e-01,7.080000000000000000e+02,1.000000000000000000e+00
2.590000000000000000e+02,1.050000000000000000e+02,1.590000000000000000e+02,2.147449999999999912e-04,2.472269999999999828e-04,6.784902459999999635e-01,1.062000000000000000e+03,1.000000000000000000e+00
2.600000000000000000e+02,1.060000000000000000e+02,1.600000000000000000e+02,7.543689999999999597e-04,6.870878000000000402e-03,2.230053300000000086e-02,9.040000000000000000e+02,1.000000000000000000e+00
2.610000000000000000e+02,1.070000000000000000e+02,1.110000000000000000e+02,1.452210000000000111e-04,1.555266000000000027e-03,5.240163279999999757e-01,4.344000000000000000e+03,1.000000000000000000e+00
2.620000000000000000e+02,1.070000000000000000e+02,1.120000000000000000e+02,8.152199999999999638e-04,7.425110000000000390e-03,5.422361199999999742e-02,1.356000000000000000e+03,1.000000000000000000e+00
2.630000000000000000e+02,1.070000000000000000e+02,1.130000000000000000e+02,8.211740000000000358e-04,7.479338000000000306e-03,2.427538900000000138e-02,9.040000000000000000e+02,1.000000000000000000e+00
2.640000000000000000e+02,1.070000000000000000e+02,1.180000000000000000e+02,1.979899999999999933e-04,2.120414000000000153e-03,4.018678669999999897e-01,3.258000000000000000e+03,1.000000000000000000e+00
2.650000000000000000e+02,1.070000000000000000e+02,1.180000000000000000e+02,1.778985000000000071e-03,1.620318700000000084e-02,5.259003500000000025e-02,9.040000000000000000e+02,1.000000000000000000e+00
2.660000000000000000e+02,1.070000000000000000e+02,1.200000000000000000e+02,1.588608000000000034e-03,1.446920999999999971e-02,4.696213600000000155e-02,9.040000000000000000e+02,1.000000000000000000e+00
2.670000000000000000e+02,1.070000000000000000e+02,1.200000000000000000e+02,2.652040000000000040e-04,2.840248000000000078e-03,2.392414399999999997e-01,2.172000000000000000e+03,1.000000000000000000e+00
2.680000000000000000e+02,1.070000000000000000e+02,1.490000000000000000e+02,3.896969999999999926e-04,4.173533999999999577e-03,7.909819780000000300e-01,3.258000000000000000e+03,1.000000000000000000e+00
2.690000000000000000e+02,1.080000000000000000e+02,1.140000000000000000e+02,1.601594999999999928e-03,1.458749900000000030e-02,1.065286349999999965e-01,1.356000000000000000e+03,1.000000000000000000e+00
2.700000000000000000e+02,1.080000000000000000e+02,1.180000000000000000e+02,2.249171999999999803e-03,2.048569800000000010e-02,6.648960800000000559e-02,9.040000000000000000e+02,1.000000000000000000e+00
2.710000000000000000e+02,1.080000000000000000e+02,1.220000000000000000e+02,1.602586000000000028e-03,1.459652399999999961e-02,4.737535400000000146e-02,9.040000000000000000e+02,1.000000000000000000e+00
2.720000000000000000e+02,1.080000000000000000e+02,1.220000000000000000e+02,2.675369999999999832e-04,2.865238999999999894e-03,2.413465150000000115e-01,2.172000000000000000e+03,1.000000000000000000e+00
2.730000000000000000e+02,1.080000000000000000e+02,1.450000000000000000e+02,4.578219999999999816e-04,4.903122999999999683e-03,4.130027689999999918e-01,2.172000000000000000e+03,1.000000000000000000e+00
2.740000000000000000e+02,1.080000000000000000e+02,1.450000000000000000e+02,2.742414999999999783e-03,2.497821399999999858e-02,8.107078900000000421e-02,9.040000000000000000e+02,1.000000000000000000e+00
2.750000000000000000e+02,1.080000000000000000e+02,1.520000000000000000e+02,2.799458999999999802e-03,2.549777199999999841e-02,8.275709600000000221e-02,9.040000000000000000e+02,1.000000000000000000e+00
2.760000000000000000e+02,1.090000000000000000e+02,1.110000000000000000e+02,1.755529999999999938e-03,1.598956099999999936e-02,5.189667600000000269e-02,9.040000000000000000e+02,1.000000000000000000e+00
2.770000000000000000e+02,1.090000000000000000e+02,1.210000000000000000e+02,2.692339999999999772e-04,2.883409999999999879e-03,5.464733859999999499e-01,3.258000000000000000e+03,1.000000000000000000e+00
2.780000000000000000e+02,1.090000000000000000e+02,1.900000000000000000e+02,4.330149999999999733e-04,4.637455000000000396e-03,1.562499303000000062e+00,4.344000000000000000e+03,1.000000000000000000e+00
2.790000000000000000e+02,1.100000000000000000e+02,1.160000000000000000e+02,2.116213999999999942e-03,1.927470400000000014e-02,6.255913300000000288e-02,9.040000000000000000e+02,1.000000000000000000e+00
2.800000000000000000e+02,1.110000000000000000e+02,1.150000000000000000e+02,7.894329999999999750e-04,7.190239999999999652e-03,2.333707399999999932e-02,9.040000000000000000e+02,1.000000000000000000e+00
2.810000000000000000e+02,1.110000000000000000e+02,1.210000000000000000e+02,1.415130000000000120e-04,1.515557999999999966e-03,5.106375640000000438e-01,4.344000000000000000e+03,1.000000000000000000e+00
2.820000000000000000e+02,1.110000000000000000e+02,1.210000000000000000e+02,1.695363999999999986e-03,1.544156000000000001e-02,5.011805400000000216e-02,9.040000000000000000e+02,1.000000000000000000e+00
2.830000000000000000e+02,1.120000000000000000e+02,1.210000000000000000e+02,1.566956999999999899e-03,1.427201600000000022e-02,4.632211099999999915e-02,9.040000000000000000e+02,1.000000000000000000e+00
2.840000000000000000e+02,1.120000000000000000e+02,1.210000000000000000e+02,2.615900000000000213e-04,2.801539999999999933e-03,2.359809280000000065e-01,2.172000000000000000e+03,1.000000000000000000e+00
2.850000000000000000e+02,1.120000000000000000e+02,1.220000000000000000e+02,3.051369999999999755e-04,3.267916999999999957e-03,2.477386297999999876e+00,6.516000000000000000e+03,1.000000000000000000e+00
2.860000000000000000e+02,1.140000000000000000e+02,1.170000000000000000e+02,2.584219999999999920e-03,2.353735900000000075e-02,7.639426200000000444e-02,9.040000000000000000e+02,1.000000000000000000e+00
2.870000000000000000e+02,1.140000000000000000e+02,1.220000000000000000e+02,1.489240000000000127e-04,1.594928000000000014e-03,1.343448839999999977e-01,2.172000000000000000e+03,1.000000000000000000e+00
2.880000000000000000e+02,1.140000000000000000e+02,1.220000000000000000e+02,8.920749999999999860e-04,8.125115999999999936e-03,2.637136199999999889e-02,9.040000000000000000e+02,1.000000000000000000e+00
2.890000000000000000e+02,1.150000000000000000e+02,1.210000000000000000e+02,1.049058999999999972e-03,9.554939999999999614e-03,6.977718900000000335e-02,1.356000000000000000e+03,1.000000000000000000e+00
2.900000000000000000e+02,1.160000000000000000e+02,1.210000000000000000e+02,8.055739999999999819e-04,7.337256000000000333e-03,2.381423699999999852e-02,9.040000000000000000e+02,1.000000000000000000e+00
2.910000000000000000e+02,1.220000000000000000e+02,1.450000000000000000e+02,4.366369999999999735e-04,4.676238999999999570e-03,8.862563140000000450e-01,3.258000000000000000e+03,1.000000000000000000e+00
2.920000000000000000e+02,1.220000000000000000e+02,1.450000000000000000e+02,2.615514000000000207e-03,2.382238500000000148e-02,1.739685629999999927e-01,1.356000000000000000e+03,1.000000000000000000e+00
2.930000000000000000e+02,1.230000000000000000e+02,1.300000000000000000e+02,2.051032999999999849e-03,1.868103000000000125e-02,6.063227100000000147e-02,9.040000000000000000e+02,1.000000000000000000e+00
2.940000000000000000e+02,1.230000000000000000e+02,1.340000000000000000e+02,1.229987000000000094e-03,1.120285199999999926e-02,3.636064900000000183e-02,9.040000000000000000e+02,1.000000000000000000e+00
2.950000000000000000e+02,1.230000000000000000e+02,1.380000000000000000e+02,2.346462000000000114e-03,2.137182600000000002e-02,6.936567800000000006e-02,9.040000000000000000e+02,1.000000000000000000e+00
2.960000000000000000e+02,1.240000000000000000e+02,1.760000000000000000e+02,1.474622999999999993e-03,1.343102300000000027e-02,4.359253099999999687e-02,9.040000000000000000e+02,1.000000000000000000e+00
2.970000000000000000e+02,1.240000000000000000e+02,1.910000000000000000e+02,1.802348999999999965e-03,1.641599300000000025e-02,5.328072899999999890e-02,9.040000000000000000e+02,1.000000000000000000e+00
2.980000000000000000e+02,1.250000000000000000e+02,1.270000000000000000e+02,2.194900999999999970e-03,1.999139499999999861e-02,6.488526899999999542e-02,9.040000000000000000e+02,1.000000000000000000e+00
2.990000000000000000e+02,1.250000000000000000e+02,1.300000000000000000e+02,1.425019999999999933e-03,1.297923299999999974e-02,4.212617600000000129e-02,9.040000000000000000e+02,1.000000000000000000e+00
3.000000000000000000e+02,1.250000000000000000e+02,1.790000000000000000e+02,2.108111000000000186e-03,1.920090699999999970e-02,6.231961400000000234e-02,9.040000000000000000e+02,1.000000000000000000e+00
3.010000000000000000e+02,1.260000000000000000e+02,1.320000000000000000e+02,1.350319999999999906e-04,1.446152000000000028e-03,4.872523539999999986e-01,4.344000000000000000e+03,1.000000000000000000e+00
3.020000000000000000e+02,1.260000000000000000e+02,1.320000000000000000e+02,1.078481999999999965e-03,9.822931000000000024e-03,7.173426400000000591e-02,1.356000000000000000e+03,1.000000000000000000e+00
3.030000000000000000e+02,1.260000000000000000e+02,1.360000000000000000e+02,3.713389999999999898e-04,3.976926000000000419e-03,3.349867449999999747e-01,2.172000000000000000e+03,1.000000000000000000e+00
3.040000000000000000e+02,1.260000000000000000e+02,1.400000000000000000e+02,2.464927999999999911e-03,2.245082600000000012e-02,7.286774699999999660e-02,9.040000000000000000e+02,1.000000000000000000e+00
3.050000000000000000e+02,1.260000000000000000e+02,1.960000000000000000e+02,6.920000000000000153e-05,2.223508999999999815e-03,4.527812463000000065e+00,1.458000000000000000e+04,1.000000000000000000e+00
3.060000000000000000e+02,1.270000000000000000e+02,1.310000000000000000e+02,2.973949999999999944e-04,2.708705000000000054e-03,8.791536000000000836e-03,9.040000000000000000e+02,1.000000000000000000e+00
3.070000000000000000e+02,1.270000000000000000e+02,1.340000000000000000e+02,1.228710000000000045e-03,1.119121900000000051e-02,3.632289200000000245e-02,9.040000000000000000e+02,1.000000000000000000e+00
3.080000000000000000e+02,1.280000000000000000e+02,1.340000000000000000e+02,9.724329999999999780e-04,8.857029000000000638e-03,6.468053399999999786e-02,1.356000000000000000e+03,1.000000000000000000e+00
3.090000000000000000e+02,1.280000000000000000e+02,1.340000000000000000e+02,2.435089999999999889e-04,2.607898999999999894e-03,2.196700759999999919e-01,2.172000000000000000e+03,1.000000000000000000e+00
3.100000000000000000e+02,1.280000000000000000e+02,1.910000000000000000e+02,6.967759999999999709e-04,6.346313999999999601e-03,4.634544799999999742e-02,1.356000000000000000e+03,1.000000000000000000e+00
3.110000000000000000e+02,1.290000000000000000e+02,1.300000000000000000e+02,1.469082999999999934e-03,1.338056699999999946e-02,9.771473099999999912e-02,1.356000000000000000e+03,1.000000000000000000e+00
3.120000000000000000e+02,1.290000000000000000e+02,1.350000000000000000e+02,3.159780000000000162e-04,3.384025000000000141e-03,1.781532247999999985e+00,5.430000000000000000e+03,1.000000000000000000e+00
3.130000000000000000e+02,1.290000000000000000e+02,1.380000000000000000e+02,2.569949999999999882e-04,2.752328000000000066e-03,2.318357520000000060e-01,2.172000000000000000e+03,1.000000000000000000e+00
3.140000000000000000e+02,1.290000000000000000e+02,1.380000000000000000e+02,1.539432999999999991e-03,1.402131799999999963e-02,4.550842900000000302e-02,9.040000000000000000e+02,1.000000000000000000e+00
3.150000000000000000e+02,1.300000000000000000e+02,1.720000000000000000e+02,1.973066999999999790e-03,1.797090499999999882e-02,1.312367540000000110e-01,1.356000000000000000e+03,1.000000000000000000e+00
3.160000000000000000e+02,1.310000000000000000e+02,1.910000000000000000e+02,9.165490000000000095e-04,8.348029999999999340e-03,6.096344800000000341e-02,1.356000000000000000e+03,1.000000000000000000e+00
3.170000000000000000e+02,1.320000000000000000e+02,1.390000000000000000e+02,9.249999999999999867e-05,9.904280000000000115e-04,3.337050400000000083e-01,4.344000000000000000e+03,1.000000000000000000e+00
3.180000000000000000e+02,1.320000000000000000e+02,1.390000000000000000e+02,4.431729999999999936e-04,4.036465000000000365e-03,8.188120299999999963e-02,2.260000000000000000e+03,1.000000000000000000e+00
3.190000000000000000e+02,1.330000000000000000e+02,1.720000000000000000e+02,2.072660000000000041e-04,1.887798999999999901e-03,6.127154999999999581e-03,9.040000000000000000e+02,1.000000000000000000e+00
3.200000000000000000e+02,1.330000000000000000e+02,1.790000000000000000e+02,1.843229999999999901e-04,1.974042999999999978e-03,6.651150700000000304e-01,4.344000000000000000e+03,1.000000000000000000e+00
3.210000000000000000e+02,1.340000000000000000e+02,1.370000000000000000e+02,3.142511000000000176e-03,2.862233100000000086e-02,9.289835200000000348e-02,9.040000000000000000e+02,1.000000000000000000e+00
3.220000000000000000e+02,1.350000000000000000e+02,1.360000000000000000e+02,1.430751999999999979e-03,1.303144000000000004e-02,4.229562299999999747e-02,9.040000000000000000e+02,1.000000000000000000e+00
3.230000000000000000e+02,1.350000000000000000e+02,1.360000000000000000e+02,2.388509999999999939e-04,2.558018999999999918e-03,2.154686010000000096e-01,2.172000000000000000e+03,1.000000000000000000e+00
3.240000000000000000e+02,1.350000000000000000e+02,1.370000000000000000e+02,6.158189999999999801e-04,5.608949000000000226e-03,4.096066699999999922e-02,1.356000000000000000e+03,1.000000000000000000e+00
3.250000000000000000e+02,1.350000000000000000e+02,1.380000000000000000e+02,3.680989999999999870e-04,3.942219000000000279e-03,7.471424920000000469e-01,3.258000000000000000e+03,1.000000000000000000e+00
3.260000000000000000e+02,1.360000000000000000e+02,1.400000000000000000e+02,1.527137999999999933e-03,1.390933500000000010e-02,4.514497199999999849e-02,9.040000000000000000e+02,1.000000000000000000e+00
3.270000000000000000e+02,1.370000000000000000e+02,1.950000000000000000e+02,1.421422000000000093e-03,1.294646099999999939e-02,9.454457099999999392e-02,1.356000000000000000e+03,1.000000000000000000e+00
3.280000000000000000e+02,1.380000000000000000e+02,1.400000000000000000e+02,1.705745999999999955e-03,1.553612300000000064e-02,5.042497199999999846e-02,9.040000000000000000e+02,1.000000000000000000e+00
3.290000000000000000e+02,1.380000000000000000e+02,1.790000000000000000e+02,4.923399999999999652e-04,5.272805000000000200e-03,9.993194939999999749e-01,3.258000000000000000e+03,1.000000000000000000e+00
3.300000000000000000e+02,1.380000000000000000e+02,1.910000000000000000e+02,2.301570000000000124e-04,2.464912000000000093e-03,3.322014931000000004e+00,8.688000000000000000e+03,1.000000000000000000e+00
3.310000000000000000e+02,1.410000000000000000e+02,1.430000000000000000e+02,5.560159999999999972e-04,5.064255999999999619e-03,3.698291900000000298e-02,1.356000000000000000e+03,1.000000000000000000e+00
3.320000000000000000e+02,1.410000000000000000e+02,1.430000000000000000e+02,1.392330000000000000e-04,1.491139999999999957e-03,1.256025600000000020e-01,2.172000000000000000e+03,1.000000000000000000e+00
3.330000000000000000e+02,1.410000000000000000e+02,1.440000000000000000e+02,8.772689999999999655e-04,7.990261000000000238e-03,2.593366899999999947e-02,9.040000000000000000e+02,1.000000000000000000e+00
3.340000000000000000e+02,1.410000000000000000e+02,1.470000000000000000e+02,1.442819999999999986e-04,1.545209000000000079e-03,5.206279449999999809e-01,4.344000000000000000e+03,1.000000000000000000e+00
3.350000000000000000e+02,1.410000000000000000e+02,1.490000000000000000e+02,3.225890000000000246e-04,3.454824999999999910e-03,6.547699150000000357e-01,3.258000000000000000e+03,1.000000000000000000e+00
3.360000000000000000e+02,1.410000000000000000e+02,1.500000000000000000e+02,1.809999999999999950e-05,5.824460000000000271e-04,1.186056596000000019e+00,1.458000000000000000e+04,1.000000000000000000e+00
3.370000000000000000e+02,1.410000000000000000e+02,1.500000000000000000e+02,1.601772999999999912e-03,1.458912199999999951e-02,4.735132799999999809e-02,9.040000000000000000e+02,1.000000000000000000e+00
3.380000000000000000e+02,1.410000000000000000e+02,1.520000000000000000e+02,4.610559999999999984e-04,4.937758999999999898e-03,4.159201790000000010e-01,2.172000000000000000e+03,1.000000000000000000e+00
3.390000000000000000e+02,1.420000000000000000e+02,1.480000000000000000e+02,7.108149999999999495e-04,6.474175999999999889e-03,2.101297300000000076e-02,9.040000000000000000e+02,1.000000000000000000e+00
3.400000000000000000e+02,1.420000000000000000e+02,1.500000000000000000e+02,1.566144999999999907e-03,1.426461400000000011e-02,4.629808700000000166e-02,9.040000000000000000e+02,1.000000000000000000e+00
3.410000000000000000e+02,1.440000000000000000e+02,1.460000000000000000e+02,4.921850000000000183e-04,4.482869999999999910e-03,1.454987100000000068e-02,9.040000000000000000e+02,1.000000000000000000e+00
3.420000000000000000e+02,1.440000000000000000e+02,1.470000000000000000e+02,8.530840000000000471e-04,7.769980000000000116e-03,2.521871399999999971e-02,9.040000000000000000e+02,1.000000000000000000e+00
3.430000000000000000e+02,1.440000000000000000e+02,1.500000000000000000e+02,1.419076000000000018e-03,1.292510099999999960e-02,4.195048299999999675e-02,9.040000000000000000e+02,1.000000000000000000e+00
3.440000000000000000e+02,1.450000000000000000e+02,1.520000000000000000e+02,2.803330000000000145e-04,2.553305000000000071e-03,8.287160000000000012e-03,9.040000000000000000e+02,1.000000000000000000e+00
3.450000000000000000e+02,1.450000000000000000e+02,1.520000000000000000e+02,4.679999999999999915e-05,5.012039999999999941e-04,4.221767399999999670e-02,2.172000000000000000e+03,1.000000000000000000e+00
3.460000000000000000e+02,1.460000000000000000e+02,1.470000000000000000e+02,5.271870000000000332e-04,4.801676000000000381e-03,1.558460899999999927e-02,9.040000000000000000e+02,1.000000000000000000e+00
3.470000000000000000e+02,1.470000000000000000e+02,1.500000000000000000e+02,1.101792000000000092e-03,1.003524199999999977e-02,7.328471000000000291e-02,1.356000000000000000e+03,1.000000000000000000e+00
3.480000000000000000e+02,1.470000000000000000e+02,1.520000000000000000e+02,2.676140000000000029e-04,2.866061999999999950e-03,1.508848685000000023e+00,5.430000000000000000e+03,1.000000000000000000e+00
3.490000000000000000e+02,1.470000000000000000e+02,1.530000000000000000e+02,1.078480000000000015e-04,1.155020000000000092e-03,9.729028900000000202e-02,2.172000000000000000e+03,1.000000000000000000e+00
3.500000000000000000e+02,1.490000000000000000e+02,1.500000000000000000e+02,1.824464999999999941e-03,1.661742199999999975e-02,5.393449899999999686e-02,9.040000000000000000e+02,1.000000000000000000e+00
3.510000000000000000e+02,1.490000000000000000e+02,1.520000000000000000e+02,1.507169999999999951e-03,1.372746600000000067e-02,4.455468499999999665e-02,9.040000000000000000e+02,1.000000000000000000e+00
3.520000000000000000e+02,1.490000000000000000e+02,1.520000000000000000e+02,2.516090000000000232e-04,2.694647000000000101e-03,2.269770489999999863e-01,2.172000000000000000e+03,1.000000000000000000e+00
3.530000000000000000e+02,1.510000000000000000e+02,1.530000000000000000e+02,2.250000000000000142e-05,2.408800000000000112e-04,2.028991800000000054e-02,2.172000000000000000e+03,1.000000000000000000e+00
3.540000000000000000e+02,1.540000000000000000e+02,1.560000000000000000e+02,5.970000000000000100e-05,6.873299999999999397e-05,3.353442220000000251e-01,1.416000000000000000e+03,1.000000000000000000e+00
3.550000000000000000e+02,1.540000000000000000e+02,1.590000000000000000e+02,6.654319999999999810e-04,6.060829999999999690e-03,1.967139399999999830e-02,9.040000000000000000e+02,1.000000000000000000e+00
3.560000000000000000e+02,1.540000000000000000e+02,1.600000000000000000e+02,1.725979999999999897e-04,1.987039999999999868e-04,5.453240649999999690e-01,1.062000000000000000e+03,1.000000000000000000e+00
3.570000000000000000e+02,1.550000000000000000e+02,1.570000000000000000e+02,1.891960000000000093e-04,2.178129999999999964e-04,2.656742670000000195e-01,7.080000000000000000e+02,1.000000000000000000e+00
3.580000000000000000e+02,1.550000000000000000e+02,1.570000000000000000e+02,2.250000000000000142e-05,5.170000000000000306e-05,1.120019351000000052e+00,1.906000000000000000e+03,1.000000000000000000e+00
3.590000000000000000e+02,1.550000000000000000e+02,1.600000000000000000e+02,1.430729999999999903e-04,1.647130000000000068e-04,2.009066419999999964e-01,7.080000000000000000e+02,1.000000000000000000e+00
3.600000000000000000e+02,1.560000000000000000e+02,1.570000000000000000e+02,5.899999999999999754e-05,6.789999999999999703e-05,7.455709139999999735e-01,2.124000000000000000e+03,1.000000000000000000e+00
3.610000000000000000e+02,1.580000000000000000e+02,1.590000000000000000e+02,1.800000000000000046e-05,4.139999999999999664e-05,2.017301454000000049e+00,2.859000000000000000e+03,1.000000000000000000e+00
3.620000000000000000e+02,1.580000000000000000e+02,1.600000000000000000e+02,1.321150000000000048e-04,1.520980000000000064e-04,1.855190939999999955e-01,7.080000000000000000e+02,1.000000000000000000e+00
3.630000000000000000e+02,1.590000000000000000e+02,1.600000000000000000e+02,1.988939999999999968e-04,2.289770000000000000e-04,2.792914770000000102e-01,7.080000000000000000e+02,1.000000000000000000e+00
3.640000000000000000e+02,1.610000000000000000e+02,1.620000000000000000e+02,1.545808999999999985e-03,1.407939400000000028e-02,4.569692599999999882e-02,9.040000000000000000e+02,1.000000000000000000e+00
3.650000000000000000e+02,1.620000000000000000e+02,1.660000000000000000e+02,1.578399999999999931e-04,1.690410000000000046e-03,1.423876309999999867e-01,2.172000000000000000e+03,1.000000000000000000e+00
3.660000000000000000e+02,1.620000000000000000e+02,1.660000000000000000e+02,9.454799999999999533e-04,8.611537000000000705e-03,2.795012100000000138e-02,9.040000000000000000e+02,1.000000000000000000e+00
3.670000000000000000e+02,1.620000000000000000e+02,1.690000000000000000e+02,7.378600000000000133e-04,6.720506000000000223e-03,4.907807399999999931e-02,1.356000000000000000e+03,1.000000000000000000e+00
3.680000000000000000e+02,1.630000000000000000e+02,1.670000000000000000e+02,4.752240000000000023e-04,4.328386000000000039e-03,5.619387399999999783e-02,1.808000000000000000e+03,1.000000000000000000e+00
3.690000000000000000e+02,1.630000000000000000e+02,1.680000000000000000e+02,1.432630000000000004e-04,1.534299000000000036e-03,2.907855710000000204e-01,3.258000000000000000e+03,1.000000000000000000e+00
3.700000000000000000e+02,1.650000000000000000e+02,1.690000000000000000e+02,4.145199999999999818e-04,3.775492000000000084e-03,1.225396299999999966e-02,9.040000000000000000e+02,1.000000000000000000e+00
3.710000000000000000e+02,1.660000000000000000e+02,1.690000000000000000e+02,5.881130000000000255e-04,5.356600000000000424e-03,1.738570099999999993e-02,9.040000000000000000e+02,1.000000000000000000e+00
3.720000000000000000e+02,1.660000000000000000e+02,1.700000000000000000e+02,6.329999999999999364e-05,6.779209999999999490e-04,1.284818580000000043e-01,3.258000000000000000e+03,1.000000000000000000e+00
3.730000000000000000e+02,1.660000000000000000e+02,1.700000000000000000e+02,5.687620000000000002e-04,5.180348000000000418e-03,1.681364899999999996e-02,9.040000000000000000e+02,1.000000000000000000e+00
3.740000000000000000e+02,1.670000000000000000e+02,1.700000000000000000e+02,1.119530000000000037e-04,1.198976999999999942e-03,2.272341639999999885e-01,3.258000000000000000e+03,1.000000000000000000e+00
3.750000000000000000e+02,1.690000000000000000e+02,1.700000000000000000e+02,6.198479999999999919e-04,5.645640000000000380e-03,1.832382800000000034e-02,9.040000000000000000e+02,1.000000000000000000e+00
3.760000000000000000e+02,1.710000000000000000e+02,1.830000000000000000e+02,1.629821000000000047e-03,1.484458699999999937e-02,4.818048099999999723e-02,9.040000000000000000e+02,1.000000000000000000e+00
3.770000000000000000e+02,1.720000000000000000e+02,1.790000000000000000e+02,2.090666000000000139e-03,1.904201499999999894e-02,6.180390499999999926e-02,9.040000000000000000e+02,1.000000000000000000e+00
3.780000000000000000e+02,1.730000000000000000e+02,1.750000000000000000e+02,1.632657999999999939e-03,1.487042400000000014e-02,4.826434000000000279e-02,9.040000000000000000e+02,1.000000000000000000e+00
3.790000000000000000e+02,1.730000000000000000e+02,1.750000000000000000e+02,2.725580000000000017e-04,2.919005000000000124e-03,2.458753180000000094e-01,2.172000000000000000e+03,1.000000000000000000e+00
3.800000000000000000e+02,1.730000000000000000e+02,1.770000000000000000e+02,1.283995999999999922e-03,1.169477300000000032e-02,3.795725600000000172e-02,9.040000000000000000e+02,1.000000000000000000e+00
3.810000000000000000e+02,1.740000000000000000e+02,1.800000000000000000e+02,1.905381999999999952e-03,1.735442900000000108e-02,5.632657299999999784e-02,9.040000000000000000e+02,1.000000000000000000e+00
3.820000000000000000e+02,1.740000000000000000e+02,1.910000000000000000e+02,4.334270000000000093e-04,4.641860000000000257e-03,3.518962848000000143e+00,6.516000000000000000e+03,1.000000000000000000e+00
3.830000000000000000e+02,1.750000000000000000e+02,1.790000000000000000e+02,1.952079999999999918e-04,2.090619000000000158e-03,3.962210740000000064e-01,3.258000000000000000e+03,1.000000000000000000e+00
3.840000000000000000e+02,1.750000000000000000e+02,1.800000000000000000e+02,1.810697000000000001e-03,1.649202199999999854e-02,5.352749600000000080e-02,9.040000000000000000e+02,1.000000000000000000e+00
3.850000000000000000e+02,1.750000000000000000e+02,1.820000000000000000e+02,5.323199999999999720e-04,4.848431999999999742e-03,1.573636100000000079e-02,9.040000000000000000e+02,1.000000000000000000e+00
3.860000000000000000e+02,1.750000000000000000e+02,1.830000000000000000e+02,2.766709000000000009e-03,2.519948799999999905e-02,8.178896700000000408e-02,9.040000000000000000e+02,1.000000000000000000e+00
3.870000000000000000e+02,1.760000000000000000e+02,1.900000000000000000e+02,2.641160000000000035e-04,2.828592999999999906e-03,2.382597399999999976e-01,2.172000000000000000e+03,1.000000000000000000e+00
3.880000000000000000e+02,1.770000000000000000e+02,1.830000000000000000e+02,1.653338000000000073e-03,1.505878299999999920e-02,4.887568999999999941e-02,9.040000000000000000e+02,1.000000000000000000e+00
3.890000000000000000e+02,1.790000000000000000e+02,1.820000000000000000e+02,1.427827999999999910e-03,1.300481099999999980e-02,4.220919399999999849e-02,9.040000000000000000e+02,1.000000000000000000e+00
3.900000000000000000e+02,1.790000000000000000e+02,1.820000000000000000e+02,2.913540000000000162e-04,3.354230000000000037e-04,1.636508056000000044e+00,1.416000000000000000e+03,1.000000000000000000e+00
3.910000000000000000e+02,1.790000000000000000e+02,1.830000000000000000e+02,2.388036999999999972e-03,2.175050300000000089e-02,1.588381590000000065e-01,1.356000000000000000e+03,1.000000000000000000e+00
3.920000000000000000e+02,1.810000000000000000e+02,1.840000000000000000e+02,1.423624999999999977e-03,1.296653199999999936e-02,4.208495200000000186e-02,9.040000000000000000e+02,1.000000000000000000e+00
3.930000000000000000e+02,1.820000000000000000e+02,1.840000000000000000e+02,1.321251999999999973e-03,1.203410599999999928e-02,8.788188600000000628e-02,1.356000000000000000e+03,1.000000000000000000e+00
3.940000000000000000e+02,1.880000000000000000e+02,1.940000000000000000e+02,1.408724999999999995e-03,1.283081999999999973e-02,4.164447899999999814e-02,9.040000000000000000e+02,1.000000000000000000e+00
3.950000000000000000e+02,1.880000000000000000e+02,1.950000000000000000e+02,1.817124999999999947e-03,1.655057100000000003e-02,5.371752500000000208e-02,9.040000000000000000e+02,1.000000000000000000e+00
3.960000000000000000e+02,1.880000000000000000e+02,1.960000000000000000e+02,2.543399999999999806e-04,2.316555999999999997e-03,1.691719699999999840e-02,1.356000000000000000e+03,1.000000000000000000e+00
3.970000000000000000e+02,1.890000000000000000e+02,1.900000000000000000e+02,2.750339999999999990e-03,2.505039599999999908e-02,8.130506599999999529e-02,9.040000000000000000e+02,1.000000000000000000e+00
3.980000000000000000e+02,1.900000000000000000e+02,1.910000000000000000e+02,2.049110000000000037e-04,2.194534000000000155e-03,4.159152939999999909e-01,3.258000000000000000e+03,1.000000000000000000e+00
3.990000000000000000e+02,1.910000000000000000e+02,1.960000000000000000e+02,2.348200000000000049e-04,2.514845999999999835e-03,8.473279599999999911e-01,4.344000000000000000e+03,1.000000000000000000e+00
4.000000000000000000e+02,1.920000000000000000e+02,1.940000000000000000e+02,1.462648999999999894e-03,1.332196299999999917e-02,4.323856000000000227e-02,9.040000000000000000e+02,1.000000000000000000e+00
4.010000000000000000e+02,1.920000000000000000e+02,1.950000000000000000e+02,1.288670999999999914e-03,1.173735100000000003e-02,8.571476399999999884e-02,1.356000000000000000e+03,1.000000000000000000e+00
4.020000000000000000e+02,1.920000000000000000e+02,1.970000000000000000e+02,1.585688000000000028e-03,1.444261399999999945e-02,4.687581200000000281e-02,9.040000000000000000e+02,1.000000000000000000e+00
4.030000000000000000e+02,1.930000000000000000e+02,1.970000000000000000e+02,2.440818999999999888e-03,2.223124599999999965e-02,7.215506300000000539e-02,9.040000000000000000e+02,1.000000000000000000e+00
4.040000000000000000e+02,1.950000000000000000e+02,1.960000000000000000e+02,2.303680000000000007e-04,2.467165999999999804e-03,4.675854589999999811e-01,3.258000000000000000e+03,1.000000000000000000e+00
4.050000000000000000e+02,1.950000000000000000e+02,1.960000000000000000e+02,2.339999999999999958e-05,7.526710000000000041e-04,1.532690330999999961e+00,1.458000000000000000e+04,1.000000000000000000e+00
